{"version":3,"SBPB":4,"BPM":19,"BPB":4,"activeTrack":3,"tracks":[{"channel":"Grand Piano","trackIdx":0,"noteColorIdx":3,"mute":true,"vol":0.5,"envIdx":0,"patSeq":[0,1,2,3,0,1,2,3,0,1,2,3,0,1,2,3,0,1,2,3,0,1,2,3,0,1,2,3,0,1,2,3,0,1,2,3,0,1,2,3,0,1,2,3,0,1,2,3],"patterns":[[[43,0.5,0,4,2],[46,0.5,0,4,2],[50,0.7,0,4,8],[41,0.7,0,4,8],[48,0.7,0,4,8],[44,0.7,0,4,8],[39,0.7,0,4,3]],[[50,0.5,0,4,2],[53,0.5,0,4,2],[48,0.7,0,4,8],[44,0.7,0,4,8],[43,0.7,0,4,8],[39,0.7,0,4,8],[46,0.7,0,4,3]],[[51,0.5,0,4,2],[55,0.5,0,4,2],[44,0.7,0,4,8],[50,0.7,0,4,8],[46,0.7,0,4,8],[41,0.7,0,4,8],[48,0.7,0,4,3]],[[48,0.5,0,4,2],[51,0.5,0,4,2],[46,0.7,0,4,8],[43,0.7,0,4,8],[50,0.7,0,4,8],[41,0.7,0,4,8],[44,0.7,0,4,3]],[],[],[],[],[],[],[],[],[],[],[],[],[],[],[],[],[],[],[],[],[],[],[],[],[],[],[],[],[],[],[],[]]},{"channel":"Grand Piano","trackIdx":1,"noteColorIdx":4,"mute":false,"vol":0.9000000000000004,"envIdx":0,"patSeq":[0,1,2,4,5,6,7,3,8,9,10,11,0,1,2,3,0,1,2,3,0,1,2,3,0,1,2,3,0,1,2,3,0,1,2,3,0,1,2,3,0,1,2,3,0,1,2,3],"patterns":[[[39,0.9000000000000004,0,1,4],[27,0.9000000000000004,0,0.5,4],[31,0.9000000000000004,0,0.5,4],[34,0.9000000000000004,0,0.5,4],[27,0.9000000000000004,0.75,0.5,4],[31,0.9000000000000004,0.75,0.5,4],[34,0.9000000000000004,0.75,0.5,4],[43,0.9000000000000004,1,1,4],[27,0.9000000000000004,1.75,0.25,4],[31,0.9000000000000004,1.75,0.25,4],[34,0.9000000000000004,1.75,0.25,4],[46,0.9000000000000004,2,1,4],[27,0.9000000000000004,3,1,4],[39,0.9000000000000004,3.25,0.25,4],[43,0.9000000000000004,3.25,0.25,4],[46,0.9000000000000004,3.25,0.25,4],[39,0.9000000000000004,3.75,0.25,4],[46,0.9000000000000004,3.75,0.25,4],[43,0.9000000000000004,3.75,0.25,4]],[[46,0.9000000000000004,0,1,4],[50,0.9000000000000004,0,0.5,4],[29,0.9000000000000004,0,0.5,4],[34,0.9000000000000004,0,0.5,4],[50,0.9000000000000004,0.75,0.5,4],[29,0.9000000000000004,0.75,0.5,4],[34,0.9000000000000004,0.75,0.5,4],[50,0.9000000000000004,1,1,4],[50,0.9000000000000004,1.75,0.25,4],[29,0.9000000000000004,1.75,0.25,4],[34,0.9000000000000004,1.75,0.25,4],[29,0.9000000000000004,2,1,4],[34,0.9000000000000004,3,1,4],[46,0.9000000000000004,3.25,0.25,4],[50,0.9000000000000004,3.25,0.25,4],[29,0.9000000000000004,3.25,0.25,4],[46,0.9000000000000004,3.75,0.25,4],[50,0.9000000000000004,3.75,0.25,4],[29,0.9000000000000004,3.75,0.25,4]],[[48,0.9000000000000004,0,1,4],[27,0.9000000000000004,0,0.5,4],[31,0.9000000000000004,0,0.5,4],[36,0.9000000000000004,0,0.5,4],[27,0.9000000000000004,0.75,0.5,4],[31,0.9000000000000004,0.75,0.5,4],[36,0.9000000000000004,0.75,0.5,4],[27,0.9000000000000004,1,1,4],[27,0.9000000000000004,1.75,0.25,4],[31,0.9000000000000004,1.75,0.25,4],[36,0.9000000000000004,1.75,0.25,4],[31,0.9000000000000004,2,1,4],[36,0.9000000000000004,3,1,4],[48,0.9000000000000004,3.25,0.25,4],[27,0.9000000000000004,3.25,0.25,4],[31,0.9000000000000004,3.25,0.25,4],[48,0.9000000000000004,3.75,0.25,4],[27,0.9000000000000004,3.75,0.25,4],[31,0.9000000000000004,3.75,0.25,4]],[[44,0.9000000000000004,0,1,4],[27,0.9000000000000004,0,0.5,4],[32,0.9000000000000004,0,0.5,4],[36,0.9000000000000004,0,0.5,4],[27,0.9000000000000004,0.75,0.5,4],[32,0.9000000000000004,0.75,0.5,4],[36,0.9000000000000004,0.75,0.5,4],[48,0.9000000000000004,1,1,4],[27,0.9000000000000004,1.75,0.25,4],[32,0.9000000000000004,1.75,0.25,4],[36,0.9000000000000004,1.75,0.25,4],[27,0.9000000000000004,2,1,4],[44,0.9000000000000004,2.5,0.5,4],[48,0.9000000000000004,2.5,0.5,4],[32,0.9000000000000004,3,1,4],[44,0.9000000000000004,3.25,0.25,4],[48,0.9000000000000004,3.25,0.25,4],[27,0.9000000000000004,3.25,0.25,4],[44,0.9000000000000004,3.75,0.25,4],[48,0.9000000000000004,3.75,0.25,4],[27,0.9000000000000004,3.75,0.25,4]],[[44,0.5,0,1,4],[27,0.5,0,0.5,4],[32,0.5,0,0.5,4],[36,0.5,0,0.5,4],[27,0.5,0.75,0.5,4],[32,0.5,0.75,0.5,4],[36,0.5,0.75,0.5,4],[48,0.5,1,1,4],[27,0.5,1.75,0.25,4],[32,0.5,1.75,0.25,4],[36,0.5,1.75,0.25,4],[27,0.5,2,1,4],[32,0.5,3,1,4],[44,0.5,3.25,0.25,4],[48,0.5,3.25,0.25,4],[27,0.5,3.25,0.25,4],[44,0.5,3.75,0.25,4],[48,0.5,3.75,0.25,4],[27,0.5,3.75,0.25,4]],[[39,0.5,0,1,4],[27,0.5,0,0.5,4],[31,0.5,0,0.5,4],[34,0.5,0,0.5,4],[27,0.5,0.75,0.5,4],[31,0.5,0.75,0.5,4],[34,0.5,0.75,0.5,4],[43,0.5,1,1,4],[27,0.5,1.75,0.25,4],[31,0.5,1.75,0.25,4],[34,0.5,1.75,0.25,4],[46,0.5,2,1,4],[39,0.5,2.5,0.5,4],[43,0.5,2.5,0.5,4],[27,0.5,3,1,4],[39,0.5,3.25,0.25,4],[43,0.5,3.25,0.25,4],[46,0.5,3.25,0.25,4],[39,0.5,3.75,0.25,4],[43,0.5,3.75,0.25,4],[46,0.5,3.75,0.25,4]],[[46,0.5,0,1,4],[29,0.5,0,0.5,4],[34,0.5,0,0.5,4],[29,0.5,0.75,0.5,4],[34,0.5,0.75,0.5,4],[50,0.5,1,1,4],[29,0.5,1.75,0.25,4],[34,0.5,1.75,0.25,4],[29,0.5,2,1,4],[46,0.5,2.5,0.5,4],[50,0.5,2.5,0.5,4],[34,0.5,3,1,4],[46,0.5,3.25,0.25,4],[50,0.5,3.25,0.25,4],[29,0.5,3.25,0.25,4],[46,0.5,3.75,0.25,4],[50,0.5,3.75,0.25,4],[29,0.5,3.75,0.25,4]],[[48,0.5,0,1,4],[27,0.5,0,0.5,4],[31,0.5,0,0.5,4],[36,0.5,0,0.5,4],[27,0.5,0.75,0.5,4],[31,0.5,0.75,0.5,4],[36,0.5,0.75,0.5,4],[27,0.5,1,1,4],[27,0.5,1.75,0.25,4],[31,0.5,1.75,0.25,4],[36,0.5,1.75,0.25,4],[31,0.5,2,1,4],[48,0.5,2.5,0.5,4],[36,0.5,3,1,4],[48,0.5,3.25,0.25,4],[27,0.5,3.25,0.25,4],[31,0.5,3.25,0.25,4],[48,0.5,3.75,0.25,4],[27,0.5,3.75,0.25,4],[31,0.5,3.75,0.25,4]],[[39,0.5,0,1,4],[27,0.5,0,0.5,4],[31,0.5,0,0.5,4],[34,0.5,0,0.5,4],[27,0.5,0.75,0.5,4],[31,0.5,0.75,0.5,4],[34,0.5,0.75,0.5,4],[43,0.5,1,1,4],[27,0.5,1.75,0.25,4],[31,0.5,1.75,0.25,4],[34,0.5,1.75,0.25,4],[46,0.5,2,1,4],[39,0.5,2.5,0.5,4],[43,0.5,2.5,0.5,4],[27,0.5,3,1,4],[39,0.5,3.25,0.25,4],[43,0.5,3.25,0.25,4],[46,0.5,3.25,0.25,4],[39,0.5,3.75,0.25,4],[43,0.5,3.75,0.25,4],[46,0.5,3.75,0.25,4]],[[46,0.5,0,1,4],[29,0.5,0,0.5,4],[34,0.5,0,0.5,4],[29,0.5,0.75,0.5,4],[34,0.5,0.75,0.5,4],[50,0.5,1,1,4],[29,0.5,1.75,0.25,4],[34,0.5,1.75,0.25,4],[29,0.5,2,1,4],[46,0.5,2.5,0.5,4],[50,0.5,2.5,0.5,4],[34,0.5,3,1,4],[46,0.5,3.25,0.25,4],[50,0.5,3.25,0.25,4],[29,0.5,3.25,0.25,4],[46,0.5,3.75,0.25,4],[50,0.5,3.75,0.25,4],[29,0.5,3.75,0.25,4]],[[48,0.5,0,1,4],[27,0.5,0,0.5,4],[31,0.5,0,0.5,4],[36,0.5,0,0.5,4],[27,0.5,0.75,0.5,4],[31,0.5,0.75,0.5,4],[36,0.5,0.75,0.5,4],[27,0.5,1,1,4],[27,0.5,1.75,0.25,4],[31,0.5,1.75,0.25,4],[36,0.5,1.75,0.25,4],[31,0.5,2,1,4],[48,0.5,2.5,0.5,4],[36,0.5,3,1,4],[48,0.5,3.25,0.25,4],[27,0.5,3.25,0.25,4],[31,0.5,3.25,0.25,4],[48,0.5,3.75,0.25,4],[27,0.5,3.75,0.25,4],[31,0.5,3.75,0.25,4]],[[44,0.5,0,1,4],[27,0.5,0,0.5,4],[32,0.5,0,0.5,4],[36,0.5,0,0.5,4],[27,0.5,0.75,0.5,4],[32,0.5,0.75,0.5,4],[36,0.5,0.75,0.5,4],[48,0.5,1,1,4],[27,0.5,1.75,0.25,4],[32,0.5,1.75,0.25,4],[36,0.5,1.75,0.25,4],[27,0.5,2,1,4],[44,0.5,2.5,0.5,4],[48,0.5,2.5,0.5,4],[32,0.5,3,1,4],[44,0.5,3.25,0.25,4],[48,0.5,3.25,0.25,4],[27,0.5,3.25,0.25,4],[44,0.5,3.75,0.25,4],[48,0.5,3.75,0.25,4],[27,0.5,3.75,0.25,4]],[],[],[],[],[],[],[],[],[],[],[],[],[],[],[],[],[],[],[],[],[],[],[],[]]},{"channel":"Grand Piano","trackIdx":2,"noteColorIdx":2,"mute":false,"vol":0.9500000000000004,"envIdx":0,"patSeq":[0,1,2,3,7,4,5,6,0,1,2,3,7,4,5,6,0,1,2,3,7,4,5,6,0,1,2,3,7,4,5,6,0,1,2,3,7,4,5,6,0,1,2,3,7,4,5,6],