{"version":2,"SBPB":4,"BPM":25,"BPB":4,"activeTrack":3,"tracks":[{"channel":"horn","trackIdx":0,"mute":false,"vol":0.5,"envIdx":3,"patSeq":[0,1,2,3,0,1,2,3,0,1,2,3,0,1,2,3,0,1,2,3,0,1,2,3,0,1,2,3,0,1,2,3,0,1,2,3,0,1,2,3,0,1,2,3,0,1,2,3],"patterns":[[[51,0.5,0,1],[48,0.5,0,1],[55,0.5,0,1],[51,0.5,2,1],[55,0.5,2,1],[58,0.5,2,1]],[[51,0.5,0,1],[54,0.5,0,1],[59,0.5,0,1],[50,0.5,2,1],[54,0.5,2,1],[57,0.5,2,1]],[[48,0.5,0,1],[51,0.5,2,1]],[[51,0.5,0,1],[50,0.5,2,1]],[],[],[],[],[],[],[],[],[],[],[],[],[],[],[],[],[],[],[],[],[],[],[],[],[],[],[],[],[],[],[],[]]},{"channel":"horn","trackIdx":1,"mute":false,"vol":0.7500000000000002,"envIdx":0,"patSeq":[0,1,6,7,5,4,2,3,8,9,0,1,6,7,5,4,2,3,8,9,0,1,6,7,5,4,2,3,8,9,0,1,6,7,5,4,2,3,8,9,0,1,6,7,5,4,2,3],"patterns":[[[36,0.7500000000000002,1,0.5],[39,0.7500000000000002,1,0.5],[43,0.7500000000000002,1,0.5],[39,0.7500000000000002,3,0.5],[43,0.7500000000000002,3,0.5],[46,0.7500000000000002,3,0.5]],[[39,0.7500000000000002,1,0.5],[42,0.7500000000000002,1,0.5],[47,0.7500000000000002,1,0.5],[38,0.7500000000000002,3,0.5],[42,0.7500000000000002,3,0.5],[45,0.7500000000000002,3,0.5]],[[36,0.7500000000000002,0,0.5],[39,0.7500000000000002,0.5,0.5],[36,0.7500000000000002,1,0.5],[43,0.7500000000000002,1,0.5],[36,0.7500000000000002,1.5,0.5],[39,0.7500000000000002,1.5,0.5],[39,0.7500000000000002,2,0.5],[43,0.7500000000000002,2.5,0.5],[39,0.7500000000000002,3,0.5],[46,0.7500000000000002,3,0.5],[39,0.7500000000000002,3.5,0.5],[46,0.7500000000000002,3.5,0.5]],[[47,0.7500000000000002,0,0.5],[42,0.7500000000000002,0,0.5],[42,0.7500000000000002,0.5,0.5],[39,0.7500000000000002,1,0.5],[47,0.7500000000000002,1,0.5],[39,0.7500000000000002,1.5,0.5],[45,0.7500000000000002,2,0.5],[42,0.7500000000000002,2.5,0.5],[38,0.7500000000000002,3,0.5],[45,0.7500000000000002,3,0.5],[38,0.7500000000000002,3.5,0.5],[42,0.7500000000000002,3.5,0.5]],[[39,0.7500000000000002,0.5,0.5],[42,0.7500000000000002,0.5,0.5],[47,0.7500000000000002,0.5,0.5],[39,0.7500000000000002,1.5,0.5],[42,0.7500000000000002,1.5,0.5],[47,0.7500000000000002,1.5,0.5],[38,0.7500000000000002,2.5,0.5],[42,0.7500000000000002,2.5,0.5],[45,0.7500000000000002,2.5,0.5],[38,0.7500000000000002,3.5,0.5],[42,0.7500000000000002,3.5,0.5],[45,0.7500000000000002,3.5,0.5]],[[36,0.7500000000000002,0.5,0.5],[39,0.7500000000000002,0.5,0.5],[43,0.7500000000000002,0.5,0.5],[36,0.7500000000000002,1.5,0.5],[39,0.7500000000000002,1.5,0.5],[43,0.7500000000000002,1.5,0.5],[39,0.7500000000000002,2.5,0.5],[43,0.7500000000000002,2.5,0.5],[46,0.7500000000000002,2.5,0.5],[39,0.7500000000000002,3.5,0.5],[43,0.7500000000000002,3.5,0.5],[46,0.7500000000000002,3.5,0.5]],[[36,0.7500000000000002,1,0.5],[36,0.7500000000000002,1.5,0.5],[39,0.7500000000000002,3,0.5],[39,0.7500000000000002,3.5,0.5]],[[39,0.7500000000000002,1,0.5],[39,0.7500000000000002,1.5,0.5],[38,0.7500000000000002,3,0.5],[38,0.7500000000000002,3.5,0.5]],[[36,0.7500000000000002,0.5,0.5],[39,0.7500000000000002,0.5,0.5],[43,0.7500000000000002,0.5,0.5],[36,0.7500000000000002,1,0.5],[39,0.7500000000000002,1,0.5],[43,0.7500000000000002,1,0.5],[39,0.7500000000000002,2.5,0.5],[43,0.7500000000000002,2.5,0.5],[46,0.7500000000000002,2.5,0.5],[39,0.7500000000000002,3.5,0.5],[43,0.7500000000000002,3.5,0.5],[46,0.7500000000000002,3.5,0.5]],[[39,0.7500000000000002,0.5,0.5],[42,0.7500000000000002,0.5,0.5],[47,0.7500000000000002,0.5,0.5],[39,0.7500000000000002,1,0.5],[42,0.7500000000000002,1,0.5],[47,0.7500000000000002,1,0.5],[38,0.7500000000000002,2,0.5],[42,0.7500000000000002,2,0.5],[45,0.7500000000000002,2,0.5],[38,0.7500000000000002,3,0.5],[42,0.7500000000000002,3,0.5],[45,0.7500000000000002,3,0.5]],[],[],[],[],[],[],[],[],[],[],[],[],[],[],[],[],[],[],[],[],[],[],[],[],[],[]]},{"channel":"strings","trackIdx":2,"mute":false,"vol":0.5,"envIdx":0,"patSeq":[0,1,2,3,0,1,2,3,0,1,2,3,0,1,2,3,0,1,2,3,0,1,2,3,0,1,2,3,0,1,2,3,0,1,2,3,0,1,2,3,0,1,2,3,0,1,2,3],"patterns":[[[36,0.5,0,2],[43,0.5,0,2],[39,0.5,0.5,1.5],[39,0.5,2,2],[46,0.5,2,2],[43,0.5,2.5,1.5]],[[39,0.5,0,2],[47,0.5,0,2],[42,0.5,0.5,1.5],[38,0.5,2,2],[45,0.5,2,2],[42,0.5,2.5,1.5]],[[36,0.5,0,2],[39,0.5,0.5,1.5],[43,0.5,1,1],[39,0.5,2,2],[43,0.5,2.5,1.5],[46,0.5,3,1]],[[39,0.5,0,2],[42,0.5,0.5,1.5],[47,0.5,1,1],[38,0.5,2,2],[45,0.5,2.5,1.5],[42,0.5,3,1]],[],[],[],[],[],[],[],[],[],[],[],[],[],[],[],[],[],[],[],[],[],[],[],[],[],[],[],[],[],[],[],[]]},{"channel":"strings3","trackIdx":3,"mute":false,"vol":0.9500000000000004,"envIdx":0,"patSeq":[0,1,2,3,4,5,6,7,0,8,9,10,11,12,9,10,11,12,9,10,13,14,15,16,-1,-1,0,1,2,3,4,5,6,7,0,8,9,10,11,12,9,10,13,14,15,16,15,16],