{"version":2,"SBPB":4,"BPM":12.25,"BPB":4,"activeTrack":2,"tracks":[{"channel":"Grand Piano","trackIdx":0,"mute":true,"vol":0.5,"envIdx":0,"patSeq":[0,1,2,3,0,1,2,3,0,1,2,3,0,1,2,3,0,1,2,3,0,1,2,3,0,1,2,3,0,1,2,3,0,1,2,3,0,1,2,3,0,1,2,3,0,1,2,3],"patterns":[[[36,0.5,0,4],[40,0.5,0,4],[43,0.5,0,4],[44,0.7,3,0.5],[47,0.7,3,0.5],[39,0.7,3,0.5]],[[39,0.5,0,4],[44,0.5,0,4],[47,0.5,0,4],[41,0.7,2.25,0.5],[45,0.7,3,0.5],[48,0.7,3.25,0.5]],[[41,0.5,0,4],[45,0.5,0,4],[48,0.5,0,4],[43,0.7,2,0.5],[40,0.7,2.25,0.5],[47,0.7,2.5,0.5]],[[40,0.5,0,4],[47,0.5,0,4],[43,0.5,0,4],[45,0.7,2,0.5],[36,0.7,2.75,0.5]],[],[],[],[],[],[],[],[],[],[],[],[],[],[],[],[],[],[],[],[],[],[],[],[],[],[],[],[],[],[],[],[]]},{"channel":"orchestra","trackIdx":1,"mute":false,"vol":0.7500000000000002,"envIdx":0,"patSeq":[0,1,2,3,0,1,2,3,0,1,2,3,0,1,2,3,0,1,2,3,0,1,2,3,0,1,2,3,0,1,2,3,0,1,2,3,0,1,2,3,0,1,2,3,0,1,2,3],"patterns":[[[40,0.7500000000000002,0,1],[36,0.7500000000000002,0,1],[43,0.7500000000000002,1,1],[36,0.7500000000000002,1,1],[48,0.7500000000000002,2,1],[40,0.7500000000000002,2,1],[52,0.7500000000000002,3,1],[43,0.7500000000000002,3,1]],[[39,0.7500000000000002,0,1],[35,0.7500000000000002,0,1],[44,0.7500000000000002,1,1],[35,0.7500000000000002,1,1],[47,0.7500000000000002,2,1],[39,0.7500000000000002,2,1],[51,0.7500000000000002,3,1],[44,0.7500000000000002,3,1]],[[41,0.7500000000000002,0,1],[36,0.7500000000000002,0,1],[45,0.7500000000000002,1,1],[36,0.7500000000000002,1,1],[48,0.7500000000000002,2,1],[41,0.7500000000000002,2,1],[53,0.7500000000000002,3,1],[45,0.7500000000000002,3,1]],[[40,0.7500000000000002,0,1],[35,0.7500000000000002,0,1],[43,0.7500000000000002,1,1],[35,0.7500000000000002,1,1],[47,0.7500000000000002,2,1],[40,0.7500000000000002,2,1],[52,0.7500000000000002,3,1],[43,0.7500000000000002,3,1]],[],[],[],[],[],[],[],[],[],[],[],[],[],[],[],[],[],[],[],[],[],[],[],[],[],[],[],[],[],[],[],[]]},{"channel":"Pipe","trackIdx":2,"mute":false,"vol":0.4999999999999996,"envIdx":0,"patSeq":[0,1,2,3,4,5,6,7,8,9,10,11,16,17,18,19,12,13,14,15,0,1,2,3,4,5,6,7,8,9,10,11,16,17,18,19,12,13,14,15,0,1,2,3,4,5,6,7],"patterns":[[[36,0.4999999999999996,0,1],[12,0.4999999999999996,0,1],[24,0.4999999999999996,0,1],[12,0.4999999999999996,1,0.5],[39,0.4999999999999996,1.5,0.5],[16,0.4999999999999996,1.5,0.5],[40,0.4999999999999996,2,1],[16,0.4999999999999996,2.5,0.5],[43,0.4999999999999996,3,1],[16,0.4999999999999996,3.5,0.5]],[[44,0.4999999999999996,0,1],[15,0.4999999999999996,0,1],[45,0.4999999999999996,1.5,0.5],[15,0.4999999999999996,1.5,0.5],[47,0.4999999999999996,2,1],[20,0.4999999999999996,2.5,0.5],[48,0.4999999999999996,3.5,0.5],[20,0.4999999999999996,3.5,0.5]],[[48,0.4999999999999996,0,1],[12,0.4999999999999996,0,1],[12,0.4999999999999996,1,1],[47,0.4999999999999996,1.5,0.5],[17,0.4999999999999996,1.5,0.5],[45,0.4999999999999996,2,1],[17,0.4999999999999996,2.5,0.5],[21,0.4999999999999996,3,1],[43,0.4999999999999996,3.5,0.5]],[[40,0.4999999999999996,0,1],[16,0.4999999999999996,0,1],[16,0.4999999999999996,1,1],[36,0.4999999999999996,1.5,0.5],[19,0.4999999999999996,1.5,0.5],[35,0.4999999999999996,2,1],[19,0.4999999999999996,2.5,0.5],[36,0.4999999999999996,3.5,0.5],[23,0.4999999999999996,3.5,0.5]],[[36,0.4999999999999996,0,1],[16,0.4999999999999996,0,1],[40,0.4999999999999996,1,0.5],[12,0.4999999999999996,1,1],[39,0.4999999999999996,1.5,0.5],[16,0.4999999999999996,1.5,0.5],[40,0.4999999999999996,2,1],[24,0.4999999999999996,2,1],[19,0.4999999999999996,2.5,0.5],[43,0.4999999999999996,3,1],[16,0.4999999999999996,3.5,0.5]],[[44,0.4999999999999996,0,1],[20,0.4999999999999996,0,1],[48,0.4999999999999996,1,0.5],[20,0.4999999999999996,1,1],[45,0.4999999999999996,1.5,0.5],[23,0.4999999999999996,1.5,0.5],[47,0.4999999999999996,2,1],[23,0.4999999999999996,2.5,0.5],[45,0.4999999999999996,3,0.5],[27,0.4999999999999996,3,1],[48,0.4999999999999996,3.5,0.5],[21,0.4999999999999996,3.5,0.5]],[[48,0.4999999999999996,0,1],[17,0.4999999999999996,0,1],[43,0.4999999999999996,1,0.5],[17,0.4999999999999996,1,1],[47,0.4999999999999996,1.5,0.5],[21,0.4999999999999996,1.5,0.5],[45,0.4999999999999996,2,1],[21,0.4999999999999996,2.5,0.5],[40,0.4999999999999996,2.75,0.5],[43,0.4999999999999996,3.5,0.5],[24,0.4999999999999996,3.5,0.5]],[[40,0.4999999999999996,0,1],[19,0.4999999999999996,0,1],[33,0.4999999999999996,1,0.5],[16,0.4999999999999996,1,1],[36,0.4999999999999996,1.5,0.5],[19,0.4999999999999996,1.5,0.5],[35,0.4999999999999996,2,1],[16,0.4999999999999996,2.5,0.5],[33,0.4999999999999996,3,0.5],[21,0.4999999999999996,3,0.25],[24,0.4999999999999996,3.25,0.25],[36,0.4999999999999996,3.5,0.5],[19,0.4999999999999996,3.5,0.5]],[[36,0.4999999999999996,0,1],[48,0.4999999999999996,0,1],[24,0.4999999999999996,0,1],[47,0.4999999999999996,1,0.25],[39,0.4999999999999996,1,0.25],[19,0.4999999999999996,1,1],[44,0.4999999999999996,1.25,0.25],[39,0.4999999999999996,1.5,0.5],[47,0.4999999999999996,1.5,0.25],[16,0.4999999999999996,1.5,0.5],[51,0.4999999999999996,1.75,0.25],[40,0.4999999999999996,2,1],[52,0.4999999999999996,2,1],[19,0.4999999999999996,2.5,0.5],[43,0.4999999999999996,3,1],[47,0.4999999999999996,3,0.25],[20,0.4999999999999996,3,0.25],[51,0.4999999999999996,3.25,0.25],[23,0.4999999999999996,3.25,0.25],[56,0.4999999999999996,3.5,0.25],[24,0.4999999999999996,3.5,0.5],[59,0.4999999999999996,3.75,0.25]],[[44,0.4999999999999996,0,1],[56,0.4999999999999996,0,1],[20,0.4999999999999996,0,1],[45,0.4999999999999996,1,0.25],[15,0.4999999999999996,1,1],[48,0.4999999999999996,1.25,0.25],[45,0.4999999999999996,1.5,0.5],[53,0.4999999999999996,1.5,0.25],[20,0.4999999999999996,1.5,0.5],[57,0.4999999999999996,1.75,0.25],[47,0.4999999999999996,2,1],[59,0.4999999999999996,2,1],[15,0.4999999999999996,2.5,0.5],[48,0.4999999999999996,3,0.25],[17,0.4999999999999996,3,0.25],[53,0.4999999999999996,3.25,0.25],[21,0.4999999999999996,3.25,0.25],[48,0.4999999999999996,3.5,0.5],[57,0.4999999999999996,3.5,0.25],[23,0.4999999999999996,3.5,0.5],[61,0.4999999999999996,3.75,0.25]],[[48,0.4999999999999996,0,1],[60,0.4999999999999996,0,1],[21,0.4999999999999996,0,1],[47,0.4999999999999996,1,0.25],[17,0.4999999999999996,1,1],[52,0.4999999999999996,1.25,0.25],[47,0.4999999999999996,1.5,0.5],[55,0.4999999999999996,1.5,0.25],[59,0.4999999999999996,1.75,0.25],[45,0.4999999999999996,2,1],[57,0.4999999999999996,2,1],[21,0.4999999999999996,2,1],[17,0.4999999999999996,2.5,0.5],[43,0.4999999999999996,3,0.25],[19,0.4999999999999996,3,0.25],[47,0.4999999999999996,3.25,0.25],[23,0.4999999999999996,3.25,0.25],[43,0.4999999999999996,3.5,0.5],[52,0.4999999999999996,3.5,0.25],[24,0.4999999999999996,3.5,0.5],[55,0.4999999999999996,3.75,0.25]],[[40,0.4999999999999996,0,1],[59,0.4999999999999996,0,1],[23,0.4999999999999996,0,1],[19,0.4999999999999996,1,1],[36,0.4999999999999996,1.5,0.5],[35,0.4999999999999996,2,1],[55,0.4999999999999996,2,1],[23,0.4999999999999996,2,1],[20,0.4999999999999996,2.5,0.5],[36,0.4999999999999996,3.5,0.5],[28,0.4999999999999996,3.5,0.5]],[[40,0.4999999999999996,0,0.25],[31,0.4999999999999996,0,0.5],[39,0.4999999999999996,0.25,0.25],[36,0.4999999999999996,0.5,0.5],[28,0.4999999999999996,0.5,0.5],[35,0.4999999999999996,1,0.25],[27,0.4999999999999996,1,0.5],[39,0.4999999999999996,1.25,0.25],[44,0.4999999999999996,1.5,0.25],[24,0.4999999999999996,1.5,0.5],[19,0.4999999999999996,1.5,0.5],[47,0.4999999999999996,1.75,0.25],[43,0.4999999999999996,2,0.25],[28,0.4999999999999996,2,2],[16,0.4999999999999996,2,0.5],[44,0.4999999999999996,2.25,0.25],[40,0.4999999999999996,2.5,0.5],[16,0.4999999999999996,2.5,0.5],[48,0.4999999999999996,3,0.25],[24,0.4999999999999996,3,1],[19,0.4999999999999996,3,0.5],[47,0.4999999999999996,3.25,0.25],[43,0.4999999999999996,3.5,0.5]],[[47,0.4999999999999996,0,0.5],[39,0.4999999999999996,0,0.5],[23,0.4999999999999996,0,1],[20,0.4999999999999996,0,0.5],[44,0.4999999999999996,0.5,0.5],[47,0.4999999999999996,1,1],[44,0.4999999999999996,1,1],[39,0.4999999999999996,1,1],[20,0.4999999999999996,1,1],[35,0.4999999999999996,1,0.5],[33,