{"version":2,"SBPB":6,"BPM":22,"BPB":3,"activeTrack":2,"tracks":[{"channel":"Grand Piano","trackIdx":0,"mute":false,"vol":1,"patSeq":[0,1,0,1,0,1,0,1,0,1,0,1,0,1,0,1,0,1,0,1,0,1,0,1,0,1,0,1,0,1,0,1],"patterns":[[[39,1,0,0.3333333333333333],[51,1,0,0.3333333333333333],[27,1,0,0.3333333333333333],[31,1,0.16666666666666666,0.3333333333333333],[43,1,0.3333333333333333,0.3333333333333333],[34,1,0.3333333333333333,0.3333333333333333],[31,1,0.5,0.3333333333333333],[46,1,0.6666666666666666,0.3333333333333333],[51,1,0.8333333333333334,0.3333333333333333],[39,1,1,0.3333333333333333],[51,1,1,0.3333333333333333],[27,1,1,0.3333333333333333],[31,1,1.1666666666666667,0.3333333333333333],[43,1,1.3333333333333333,0.3333333333333333],[36,1,1.3333333333333333,0.3333333333333333],[31,1,1.5,0.3333333333333333],[48,1,1.6666666666666667,0.3333333333333333],[51,1,1.833333333333333,0.3333333333333333],[39,1,2,0.3333333333333333],[51,1,2,0.3333333333333333],[27,1,2,0.3333333333333333],[30,1,2.1666666666666665,0.3333333333333333],[42,1,2.3333333333333335,0.3333333333333333],[34,1,2.3333333333333335,0.3333333333333333],[30,1,2.5,0.3333333333333333],[46,1,2.6666666666666665,0.3333333333333333],[51,1,2.8333333333333335,0.3333333333333333]],[[38,1,0,0.3333333333333333],[50,1,0,0.3333333333333333],[26,1,0,0.3333333333333333],[30,1,0.16666666666666666,0.3333333333333333],[42,1,0.3333333333333333,0.3333333333333333],[34,1,0.3333333333333333,0.3333333333333333],[30,1,0.5,0.3333333333333333],[46,1,0.6666666666666666,0.3333333333333333],[50,1,0.8333333333333334,0.3333333333333333],[38,1,1,0.3333333333333333],[50,1,1,0.3333333333333333],[26,1,1,0.3333333333333333],[29,1,1.1666666666666667,0.3333333333333333],[41,1,1.3333333333333333,0.3333333333333333],[34,1,1.3333333333333333,0.3333333333333333],[29,1,1.5,0.3333333333333333],[46,1,1.6666666666666667,0.3333333333333333],[50,1,1.833333333333333,0.3333333333333333],[38,1,2,0.3333333333333333],[50,1,2,0.3333333333333333],[26,1,2,0.3333333333333333],[29,1,2.1666666666666665,0.3333333333333333],[41,1,2.3333333333333335,0.3333333333333333],[33,1,2.3333333333333335,0.3333333333333333],[29,1,2.5,0.3333333333333333],[45,1,2.6666666666666665,0.3333333333333333],[50,1,2.8333333333333335,0.3333333333333333]],[],[],[],[],[],[],[],[],[],[],[],[],[],[],[],[],[],[],[],[],[],[],[],[],[],[],[],[],[],[],[],[],[],[]]},{"channel":"Drums","trackIdx":1,"mute":false,"vol":0.8,"patSeq":[0,0,0,0,0,0,0,0,0,0,0,0,0,0,0,0,0,0,0,0,0,0,0,0,0,0,0,0,0,0,0,0],"patterns":[[[38,0.8,0,0.16666666666666666],[42,0.8,0,0.16666666666666666],[39,0.8,0.16666666666666666,0.16666666666666666],[39,0.8,0.3333333333333333,0.16666666666666666],[38,0.8,0.5,0.16666666666666666],[44,0.8,0.5,0.16666666666666666],[39,0.8,0.6666666666666666,0.16666666666666666],[39,0.8,0.8333333333333334,0.16666666666666666],[44,0.8,0.8333333333333334,0.16666666666666666],[38,0.8,1,0.16666666666666666],[42,0.8,1,0.16666666666666666],[39,0.8,1.1666666666666667,0.16666666666666666],[39,0.8,1.3333333333333333,0.16666666666666666],[38,0.8,1.5,0.16666666666666666],[44,0.8,1.5,0.16666666666666666],[39,0.8,1.6666666666666667,0.16666666666666666],[39,0.8,1.833333333333333,0.16666666666666666],[44,0.8,1.833333333333333,0.16666666666666666],[38,0.8,2,0.16666666666666666],[42,0.8,2,0.16666666666666666],[39,0.8,2.1666666666666665,0.16666666666666666],[39,0.8,2.3333333333333335,0.16666666666666666],[38,0.8,2.5,0.16666666666666666],[44,0.8,2.5,0.16666666666666666],[39,0.8,2.6666666666666665,0.16666666666666666],[39,0.8,2.8333333333333335,0.16666666666666666],[44,0.8,2.8333333333333335,0.16666666666666666]],[],[],[],[],[],[],[],[],[],[],[],[],[],[],[],[],[],[],[],[],[],[],[],[],[],[],[],[],[],[],[],[],[],[],[]]},{"channel":"Grand Piano","trackIdx":2,"mute":false,"vol":1,"patSeq":[0,1,0,1,0,1,0,1,0,1,0,1,0,1,0,1,0,1,0,1,0,1,0,1,0,1,0,1,0,1,0,1],"patterns":[[[39,1,0,0.3333333333333333],[51,1,0,0.3333333333333333],[27,1,0,0.3333333333333333],[31,1,0.16666666666666666,0.3333333333333333],[43,1,0.3333333333333333,0.3333333333333333],[34,1,0.3333333333333333,0.3333333333333333],[31,1,0.5,0.3333333333333333],[46,1,0.6666666666666666,0.3333333333333333],[51,1,0.8333333333333334,0.3333333333333333],[39,1,1,0.3333333333333333],[51,1,1,0.3333333333333333],[27,1,1,0.3333333333333333],[31,1,1.1666666666666667,0.3333333333333333],[43,1,1.3333333333333333,0.3333333333333333],[36,1,1.3333333333333333,0.3333333333333333],[31,1,1.5,0.3333333333333333],[48,1,1.6666666666666667,0.3333333333333333],[51,1,1.833333333333333,0.3333333333333333],[39,1,2,0.3333333333333333],[51,1,2,0.3333333333333333],[27,1,2,0.3333333333333333],[30,1,2.1666666666666665,0.3333333333333333],[42,1,2.3333333333333335,0.3333333333333333],[34,1,2.3333333333333335,0.3333333333333333],[30,1,2.5,0.3333333333333333],[46,1,2.6666666666666665,0.3333333333333333],[51,1,2.8333333333333335,0.3333333333333333]],[[38,1,0,0.3333333333333333],[50,1,0,0.3333333333333333],[26,1,0,0.3333333333333333],[30,1,0.16666666666666666,0.3333333333333333],[42,1,0.3333333333333333,0.3333333333333333],[34,1,0.3333333333333333,0.3333333333333333],[30,1,0.5,0.3333333333333333],[46,1,0.6666666666666666,0.3333333333333333],[50,1,0.8333333333333334,0.3333333333333333],[38,1,1,0.3333333333333333],[50,1,1,0.3333333333333333],[26,1,1,0.3333333333333333],[29,1,1.1666666666666667,0.3333333333333333],[41,1,1.3333333333333333,0.3333333333333333],[34,1,1.3333333333333333,0.3333333333333333],[29,1,1.5,0.3333333333333333],[46,1,1.6666666666666667,0.3333333333333333],[50,1,1.833333333333333,0.3333333333333333],[38,1,2,0.3333333333333333],[50,1,2,0.3333333333333333],[26,1,2,0.3333333333333333],[29,1,2.1666666666666665,0.3333333333333333],[41,1,2.3333333333333335,0.3333333333333333],[33,1,2.3333333333333335,0.3333333333333333],[29,1,2.5,0.3333333333333333],[45,1,2.6666666666666665,0.3333333333333333],[50,1,2.8333333333333335,0.3333333333333333]],[],[],[],[],[],[],[],[],[],[],[],[],[],[],[],[],[],[],[],[],[],[],[],[],[],[],[],[],[],[],[],[],[],[]]}]}