{"version":2,"SBPB":4,"BPM":22,"BPB":4,"activeTrack":1,"tracks":[{"channel":"Pipe","trackIdx":0,"mute":false,"vol":0.20000000000000007,"patSeq":[0,1,2,3,0,1,2,3,0,1,2,3,0,1,2,3,0,1,2,3,0,1,2,3,0,1,2,3,0,1,2,3],"patterns":[[[27,0.20000000000000007,0,1],[31,0.20000000000000007,0,1],[34,0.20000000000000007,0,1],[27,0.20000000000000007,2,1],[32,0.20000000000000007,2,1],[35,0.20000000000000007,2,1],[32,0.20000000000000007,3,1],[35,0.20000000000000007,3,1]],[[27,0.20000000000000007,0,1],[30,0.20000000000000007,0,1],[34,0.20000000000000007,0,1],[27,0.20000000000000007,2,1],[30,0.20000000000000007,2,1],[33,0.20000000000000007,2,1],[33,0.20000000000000007,3,1],[30,0.20000000000000007,3,1]],[[27,0.20000000000000007,0,1],[31,0.20000000000000007,0,1],[34,0.20000000000000007,0,1],[27,0.20000000000000007,2,1],[32,0.20000000000000007,2,1],[35,0.20000000000000007,2,1],[32,0.20000000000000007,3,1],[35,0.20000000000000007,3,1]],[[27,0.20000000000000007,0,1],[30,0.20000000000000007,0,1],[34,0.20000000000000007,0,1],[27,0.20000000000000007,2,1],[30,0.20000000000000007,2,1],[33,0.20000000000000007,2,1],[30,0.20000000000000007,3,1],[33,0.20000000000000007,3,1]],[],[],[],[],[],[],[],[],[],[],[],[],[],[],[],[],[],[],[],[],[],[],[],[],[],[],[],[],[],[],[],[]]},{"channel":"Grand Piano","trackIdx":1,"mute":false,"vol":1,"patSeq":[0,1,2,3,0,1,2,3,0,1,2,3,0,1,2,3,0,1,2,3,0,1,2,3,0,1,2,3,0,1,2,3],"patterns":[[[15,1,0,1],[31,1,0.5,0.5],[19,1,1,1],[34,1,1.5,0.5],[23,1,2,1],[35,1,2.5,0.5],[20,1,3,1],[32,1,3.5,0.5]],[[19,1,0,1],[27,1,0.5,0.5],[22,1,1,1],[31,1,1.5,0.5],[18,1,2,1],[33,1,2.5,0.5],[21,1,3,1],[27,1,3.5,0.5]],[[15,1,0,1],[27,1,0.5,0.5],[19,1,1,1],[31,1,1.5,0.5],[23,1,2,1],[32,1,2.5,0.5],[20,1,3,1],[35,1,3.5,0.5]],[[19,1,0,1],[31,1,0.5,0.5],[22,1,1,1],[34,1,1.5,0.5],[18,1,2,1],[30,1,2.5,0.5],[21,1,3,1],[33,1,3.5,0.5]],[],[],[],[],[],[],[],[],[],[],[],[],[],[],[],[],[],[],[],[],[],[],[],[],[],[],[],[],[],[],[],[]]},{"channel":"orchestra","trackIdx":2,"mute":false,"vol":0.35000000000000003,"patSeq":[0,1,2,3,0,1,2,3,0,1,2,3,0,1,2,3,0,1,2,3,0,1,2,3,0,1,2,3,0,1,2,3],"patterns":[[[39,0.35000000000000003,0,0.5],[39,0.35000000000000003,1,0.5],[39,0.35000000000000003,2,0.5],[39,0.35000000000000003,3,0.5]],[[39,0.35000000000000003,0,0.5],[42,0.35000000000000003,1,0.5],[39,0.35000000000000003,2,0.5],[45,0.35000000000000003,2.5,0.5],[45,0.35000000000000003,3,0.5],[42,0.35000000000000003,3.5,0.5]],[[39,0.35000000000000003,0,0.5],[43,0.35000000000000003,1,1],[39,0.35000000000000003,2,0.5],[47,0.35000000000000003,2.5,1]],[[39,0.35000000000000003,0,0.5],[39,0.35000000000000003,2,0.5],[42,0.35000000000000003,2.5,0.5],[45,0.35000000000000003,3,1]],[],[],[],[],[],[],[],[],[],[],[],[],[],[],[],[],[],[],[],[],[],[],[],[],[],[],[],[],[],[],[],[]]},{"channel":"Drums","trackIdx":3,"mute":false,"vol":1,"patSeq":[0,1,2,3,0,1,2,3,0,1,2,3,0,1,2,3,0,1,2,3,0,1,2,3,0,1,2,3,0,1,2,3],"patterns":[[[38,1,0,0.5],[45,1,0,0.5],[38,1,1,0.5],[43,1,1,0.5],[45,1,1.5,0.5],[38,1,2,0.5],[38,1,3,0.5],[43,1,3,0.5]],[[38,1,0,0.5],[45,1,0,0.5],[38,1,1,0.5],[43,1,1,0.5],[45,1,1.5,0.5],[38,1,2,0.5],[38,1,3,0.5],[43,1,3,0.5]],[[38,1,0,0.5],[45,1,0,0.5],[39,1,0.5,0.5],[38,1,1,0.5],[43,1,1,0.5],[45,1,1.5,0.5],[38,1,2,0.5],[40,1,2,0.5],[45,1,2.5,0.5],[39,1,2.5,0.5],[38,1,3,0.5],[43,1,3,0.5]],[[38,1,0,0.5],[45,1,0,0.5],[39,1,0.5,0.5],[38,1,1,0.5],[43,1,1,0.5],[45,1,1.5,0.5],[38,1,2,0.5],[40,1,2,0.5],[45,1,2.5,0.5],[39,1,2.5,0.5],[38,1,3,0.5],[43,1,3,0.5]],[],[],[],[],[],[],[],[],[],[],[],[],[],[],[],[],[],[],[],[],[],[],[],[],[],[],[],[],[],[],[],[]]}]}