{"version":2,"SBPB":4,"BPM":53.99999999999995,"BPB":3,"activeTrack":4,"tracks":[{"channel":"Grand Piano","trackIdx":0,"mute":false,"vol":0.39999999999999986,"patSeq":[0,0,0,0,1,1,1,1,2,2,2,2,0,0,0,0,1,1,1,1,2,2,2,2,0,0,0,0,1,1,1,1],"patterns":[[[36,0.39999999999999986,0,1],[39,0.39999999999999986,1,1],[43,0.39999999999999986,2,1]],[[39,0.39999999999999986,0,1],[43,0.39999999999999986,1,1],[46,0.39999999999999986,2,1]],[[41,0.39999999999999986,0,1],[44,0.39999999999999986,1,1],[48,0.39999999999999986,2,1]],[],[],[],[],[],[],[],[],[],[],[],[],[],[],[],[],[],[],[],[],[],[],[],[],[],[],[],[],[],[],[],[],[]]},{"channel":"Guitar Open","trackIdx":1,"mute":false,"vol":0.9000000000000001,"patSeq":[0,0,0,0,1,1,1,1,2,2,2,2,0,0,0,0,1,1,1,1,2,2,2,2,0,0,0,0,1,1,1,1],"patterns":[[[24,0.9000000000000001,0,1],[27,0.9000000000000001,0,1],[31,0.9000000000000001,0,1],[24,0.9000000000000001,1.5,0.5],[27,0.9000000000000001,1.5,0.5],[31,0.9000000000000001,1.5,0.5],[24,0.9000000000000001,2.5,0.5],[27,0.9000000000000001,2.5,0.5],[31,0.9000000000000001,2.5,0.5]],[[27,0.9000000000000001,0,1],[31,0.9000000000000001,0,1],[34,0.9000000000000001,0,1],[27,0.9000000000000001,1.5,0.5],[31,0.9000000000000001,1.5,0.5],[34,0.9000000000000001,1.5,0.5],[34,0.9000000000000001,2.5,0.5],[31,0.9000000000000001,2.5,0.5],[27,0.9000000000000001,2.5,0.5]],[[29,0.9000000000000001,0,1],[32,0.9000000000000001,0,1],[36,0.9000000000000001,0,1],[29,0.9000000000000001,1.5,0.5],[32,0.9000000000000001,1.5,0.5],[36,0.9000000000000001,1.5,0.5],[36,0.9000000000000001,2.5,0.5],[32,0.9000000000000001,2.5,0.5],[29,0.9000000000000001,2.5,0.5]],[],[],[],[],[],[],[],[],[],[],[],[],[],[],[],[],[],[],[],[],[],[],[],[],[],[],[],[],[],[],[],[],[]]},{"channel":"Harp","trackIdx":2,"mute":false,"vol":1,"patSeq":[0,0,0,0,1,1,1,1,2,2,2,2,3,3,3,3,4,4,4,4,5,5,5,5,0,3,0,3,1,4,1,4],"patterns":[[[24,1,0,0.25],[39,1,0.25,0.25],[27,1,0.5,0.5],[36,1,0.75,0.25],[24,1,1,0.25],[31,1,1,0.5],[27,1,1.25,0.25],[43,1,1.25,0.25],[36,1,1.5,0.5],[51,1,1.75,0.25],[39,1,2,0.5],[48,1,2.25,0.25],[60,1,2.25,0.25],[36,1,2.5,0.25],[43,1,2.5,0.5],[39,1,2.75,0.25],[63,1,2.75,0.25]],[[43,1,0.25,0.25],[39,1,0.75,0.25],[46,1,1.25,0.25],[51,1,1.75,0.25],[58,1,2.25,0.25],[67,1,2.75,0.25],[27,1,0,0.5],[31,1,0.5,0.5],[34,1,1,0.5],[27,1,1,0.25],[31,1,1.25,0.25],[39,1,1.5,0.5],[43,1,2,0.5],[46,1,2.5,0.5],[39,1,2.5,0.25],[43,1,2.75,0.25],[51,1,2.25,0.25]],[[44,1,0.25,0.25],[41,1,0.75,0.25],[48,1,1.25,0.25],[56,1,1.75,0.25],[65,1,2.25,0.25],[72,1,2.75,0.25],[29,1,0,0.5],[32,1,0.5,0.5],[36,1,1,0.5],[29,1,1,0.25],[32,1,1.25,0.25],[41,1,1.5,0.5],[44,1,2,0.5],[48,1,2.5,0.5],[41,1,2.5,0.25],[44,1,2.75,0.25],[53,1,2.25,0.25]],[[24,1,0,0.25],[27,1,0.25,0.25],[31,1,0.5,0.25],[24,1,0.5,0.25],[36,1,0.75,0.25],[39,1,1,0.25],[31,1,1,0.25],[43,1,1.25,0.25],[39,1,1.5,0.25],[48,1,1.5,0.25],[51,1,1.75,0.25],[48,1,2,0.25],[55,1,2,0.25],[60,1,2.25,0.25],[55,1,2.5,0.25],[63,1,2.5,0.25],[67,1,2.75,0.25]],[[27,1,0,0.25],[31,1,0.25,0.25],[34,1,0.5,0.25],[27,1,0.5,0.25],[39,1,0.75,0.25],[43,1,1,0.25],[34,1,1,0.25],[46,1,1.25,0.25],[43,1,1.5,0.25],[51,1,1.5,0.25],[55,1,1.75,0.25],[51,1,2,0.25],[58,1,2,0.25],[63,1,2.25,0.25],[58,1,2.5,0.25],[67,1,2.5,0.25],[70,1,2.75,0.25]],[[29,1,0,0.25],[32,1,0.25,0.25],[36,1,0.5,0.25],[29,1,0.5,0.25],[41,1,0.75,0.25],[44,1,1,0.25],[36,1,1,0.25],[48,1,1.25,0.25],[53,1,1.5,0.25],[44,1,1.5,0.25],[56,1,1.75,0.25],[60,1,2,0.25],[53,1,2,0.25],[65,1,2.25,0.25],[68,1,2.5,0.25],[60,1,2.5,0.25],[72,1,2.75,0.25]],[],[],[],[],[],[],[],[],[],[],[],[],[],[],[],[],[],[],[],[],[],[],[],[],[],[],[],[],[],[]]},{"channel":"Violin","trackIdx":3,"mute":false,"vol":1,"patSeq":[0,1,2,3,4,5,6,7,8,9,10,11,0,1,2,3,4,5,6,7,8,9,10,11,0,1,2,3,4,5,6,7],"patterns":[[[39,1,0,0.5],[36,1,0.5,0.5],[27,1,1,0.5],[31,1,1.5,1.5]],[[31,1,1,0.5],[36,1,1.5,1.5],[27,1,1.5,1.5]],[[39,1,0,0.5],[36,1,0.5,0.5],[27,1,1,0.5],[31,1,1.5,1.5],[36,1,1.5,1.5]],[[27,1,1,0.5],[39,1,1.5,1.5],[36,1,1.5,1.5],[31,1,1.5,1.5]],[[31,1,0,0.5],[34,1,0.5,0.5],[39,1,1,0.5],[43,1,1.5,1.5],[46,1,1.5,1.5]],[[34,1,1,0.5],[39,1,1.5,1.5],[43,1,1.5,1.5]],[[34,1,0,0.5],[39,1,0.5,0.5],[43,1,1,0.5],[46,1,1.5,1.5],[34,1,1.5,1.5],[43,1,1.5,1.5]],[[34,1,1,0.5],[43,1,1.5,0.5],[39,1,1.5,0.5],[46,1,2,0.5],[43,1,2,0.5],[39,1,2,0.5],[43,1,2.5,0.5],[39,1,2.5,0.5],[34,1,2.5,0.5]],[[48,1,0,0.5],[41,1,0.5,0.5],[36,1,1,0.5],[44,1,1.5,0.5],[48,1,2,0.5],[41,1,2,0.5],[44,1,2.5,0.5],[36,1,2.5,0.5]],[[41,1,0,0.5],[44,1,1.5,0.5],[48,1,2,0.5],[44,1,2.5,0.5]],[[41,1,0,0.5],[41,1,0.5,0.5],[48,1,1,2],[44,1,1,2],[41,1,1,2]],[[44,1,0,2],[41,1,0,2],[36,1,0,2],[41,1,2,1]],[],[],[],[],[],[],[],[],[],[],[],[],[],[],[],[],[],[],[],[],[],[],[],[]]},{"channel":"Drums","trackIdx":4,"mute":false,"vol":0.6499999999999999,"patSeq":[0,0,0,1,1,1,1,2,2,2,2,3,3,3,3,3,0,0,0,1,1,1,1,2,2,2,2,3,3,3,3,3],"patterns":[[[38,0.6499999999999999,0,0.25],[42,0.6499999999999999,0,0.25],[38,0.6499999999999999,0.5,0.25],[38,0.6499999999999999,1,0.25],[38,0.6499999999999999,1.5,0.25],[42,0.6499999999999999,1.5,0.25],[38,0.6499999999999999,2,0.25],[38,0.6499999999999999,2.5,0.25],[45,0.6499999999999999,1,0.25],[45,0.6499999999999999,2,0.25]],[[38,0.6499999999999999,0,0.25],[42,0.6499999999999999,0,0.25],[38,0.6499999999999999,0.5,0.25],[38,0.6499999999999999,1,0.25],[38,0.6499999999999999,1.5,0.25],[42,0.6499999999999999,1.5,0.25],[39,0.6499999999999999,1.75,0.25],[38,0.6499999999999999,2,0.25],[38,0.6499999999999999,2.5,0.25],[39,0.6499999999999999,2.5,0.25],[45,0.6499999999999999,1,0.25],[45,0.6499999999999999,2,0.25]],[[38,0.6499999999999999,0,0.25],[42,0.6499999999999999,0,0.25],[38,0.6499999999999999,0.5,0.25],[38,0.6499999999999999,1,0.25],[38,0.6499999999999999,1.5,0.25],[42,0.6499999999999999,1.5,0.25],[39,0.6499999999999999,1.75,0.25],[38,0.6499999999999999,2,0.25],[39,0.6499999999999999,2.25,0.25],[38,0.6499999999999999,2.5,0.25],[39,0.6499999999999999,2.75,0.25],[45,0.6499999999999999,1,0.25],[45,0.6499999999999999,2,0.25]],[[38,0.6499999999999999,0,0.25],[42,0.6499999999999999,0,0.25],[39,0.6499999999999999,0.25,0.25],[38,0.6499999999999999,0.5,0.25],[38,0.6499999999999999,1,0.25],[39,0.6499999999999999,1,0.25],[44,0.6499999999999999,1,0.25],[38,0.6499999999999999,1.5,0.25],[42,0.6499999999999999,1.5,0.25],[39,0.6499999999999999,1.75,0.25],[38,0.6499999999999999,2,0.25],[39,0.6499999999999999,2.25,0.25],[38,0.6499999999999999,2.5,0.25],[44,0.6499999999999999,2.5,0.25],[39,0.6499999999999999,2.75,0.25],[45,0.6499999999999999,1,0.25],[45,0.6499999999999999,2,0.25]],[],[],[],[],[],[],[],[],[],[],[],[],[],[],[],[],[],[],[],[],[],[],[],[],[],[],[],[],[],[],[],[]]}]}